{
  "todos": [],
  "count": 0,
  "completedCount": 0,
  "pages": [
    {
      "id": 0,
      "name": "General"
    }
  ],
  "current_page_id": 0,
  "isExpanded": false,
  "useCustomColors": false,
  "priorityColors": {
    "high": {
      "r": 0.9921568632125854,
      "g": 0.27450981736183167,
      "b": 0.38823530077934265,
      "a": 1,
      "hsvHue": 0.9735833406448364,
      "hsvSaturation": 0.723323404788971,
      "hsvValue": 0.9921568632125854,
      "hslHue": 0.9735833406448364,
      "hslSaturation": 0.9786068797111511,
      "hslLightness": 0.6333409547805786,
      "valid": true
    },
    "medium": {
      "r": 1,
      "g": 0.9607843160629272,
      "b": 0.6078431606292725,
      "a": 1,
      "hsvHue": 0.15000000596046448,
      "hsvSaturation": 0.3921568691730499,
      "hsvValue": 1,
      "hslHue": 0.15000000596046448,
      "hslSaturation": 1,
      "hslLightness": 0.8039215803146362,
      "valid": true
    },
    "low": {
      "r": 0.48627451062202454,
      "g": 0.501960813999176,
      "b": 0.7058823704719543,
      "a": 1,
      "hsvHue": 0.6547499895095825,
      "hsvSaturation": 0.31111618876457214,
      "hsvValue": 0.7058823704719543,
      "hslHue": 0.6547499895095825,
      "hslSaturation": 0.2718394696712494,
      "hslLightness": 0.5960784554481506,
      "valid": true
    }
  }
}
